{
    "r2_score_model_1": 0.900267018250231,
    "r2_score_model_2": 0.9012136763538047
}