{
    "r2_score_model_1": 0.9424894610530657,
    "r2_score_model_2": 0.9423571422957816
}