{
    "r2_score_model_1": 0.900951202231844,
    "r2_score_model_2": 0.902117202979207
}