{
    "r2_score_model_1": 0.94253315607314,
    "r2_score_model_2": 0.9422456219591091
}