{
    "r2_score_model_1": 0.9433915348111043,
    "r2_score_model_2": 0.9431947878012993
}